<?xml version="1.0" encoding="UTF-8" standalone="yes"?>
<routes>
    <route id="1">
        <arr id="2">
            <name>ТАТИЩЕВО</name>
        </arr>
        <dep id="1">
            <name>САРАТОВ-1</name>
        </dep>
    </route>
    <route id="2">
        <arr id="3">
            <name>АТКАРСК</name>
        </arr>
        <dep id="1">
            <name>САРАТОВ-1</name>
        </dep>
    </route>
    <route id="3">
        <arr id="4">
            <name>БАЛАКОВО</name>
        </arr>
        <dep id="1">
            <name>САРАТОВ-1</name>
        </dep>
    </route>
    <route id="4">
        <arr id="5">
            <name>БАЛАШОВ</name>
        </arr>
        <dep id="1">
            <name>САРАТОВ-1</name>
        </dep>
    </route>
    <route id="5">
        <arr id="6">
            <name>СЕННАЯ</name>
        </arr>
        <dep id="1">
            <name>САРАТОВ-1</name>
        </dep>
    </route>
    <route id="6">
        <arr id="7">
            <name>ТАРАНЫ</name>
        </arr>
        <dep id="1">
            <name>САРАТОВ-1</name>
        </dep>
    </route>
    <route id="7">
        <arr id="8">
            <name>ВОЛЬСК</name>
        </arr>
        <dep id="1">
            <name>САРАТОВ-1</name>
        </dep>
    </route>
</routes>
