<?xml version="1.0" encoding="UTF-8" standalone="yes"?>
<stations>
    <station id="1">
        <name>САРАТОВ-1</name>
    </station>
    <station id="2">
        <name>ТАТИЩЕВО</name>
    </station>
    <station id="3">
        <name>АТКАРСК</name>
    </station>
    <station id="4">
        <name>БАЛАКОВО</name>
    </station>
    <station id="5">
        <name>БАЛАШОВ</name>
    </station>
    <station id="6">
        <name>СЕННАЯ</name>
    </station>
    <station id="7">
        <name>ТАРАНЫ</name>
    </station>
    <station id="8">
        <name>ВОЛЬСК</name>
    </station>
    <station id="9">
        <name>ДУБКИ</name>
    </station>
</stations>
