<?xml version="1.0" encoding="UTF-8" standalone="yes"?>
<trains>
    <train>
        <number>9</number>
    </train>
    <train>
        <number>1000</number>
        <trainTimetable id="1">
            <departureDateTime>2016-12-10T18:54:53.830</departureDateTime>
            <hour>1</hour>
            <min>0</min>
            <route id="1">
                <arr id="2">
                    <name>ТАТИЩЕВО</name>
                </arr>
                <dep id="1">
                    <name>САРАТОВ-1</name>
                </dep>
            </route>
        </trainTimetable>
        <trainTimetable id="2">
            <departureDateTime>2016-12-11T18:54:53.861</departureDateTime>
            <hour>10</hour>
            <min>0</min>
            <route id="1">
                <arr id="2">
                    <name>ТАТИЩЕВО</name>
                </arr>
                <dep id="1">
                    <name>САРАТОВ-1</name>
                </dep>
            </route>
        </trainTimetable>
        <trainTimetable id="3">
            <departureDateTime>2016-12-12T18:54:53.914</departureDateTime>
            <hour>10</hour>
            <min>0</min>
            <route id="1">
                <arr id="2">
                    <name>ТАТИЩЕВО</name>
                </arr>
                <dep id="1">
                    <name>САРАТОВ-1</name>
                </dep>
            </route>
        </trainTimetable>
        <trainTimetable id="4">
            <departureDateTime>2016-12-13T18:54:53.914</departureDateTime>
            <hour>10</hour>
            <min>0</min>
            <route id="1">
                <arr id="2">
                    <name>ТАТИЩЕВО</name>
                </arr>
                <dep id="1">
                    <name>САРАТОВ-1</name>
                </dep>
            </route>
        </trainTimetable>
        <trainTimetable id="5">
            <departureDateTime>2016-12-14T18:54:53.914</departureDateTime>
            <hour>10</hour>
            <min>0</min>
            <route id="1">
                <arr id="2">
                    <name>ТАТИЩЕВО</name>
                </arr>
                <dep id="1">
                    <name>САРАТОВ-1</name>
                </dep>
            </route>
        </trainTimetable>
    </train>
    <train>
        <number>1001</number>
        <trainTimetable id="1">
            <departureDateTime>2016-12-10T18:54:53.914</departureDateTime>
            <hour>4</hour>
            <min>0</min>
            <route id="2">
                <arr id="3">
                    <name>АТКАРСК</name>
                </arr>
                <dep id="1">
                    <name>САРАТОВ-1</name>
                </dep>
            </route>
        </trainTimetable>
        <trainTimetable id="2">
            <departureDateTime>2016-12-11T18:54:53.914</departureDateTime>
            <hour>4</hour>
            <min>0</min>
            <route id="2">
                <arr id="3">
                    <name>АТКАРСК</name>
                </arr>
                <dep id="1">
                    <name>САРАТОВ-1</name>
                </dep>
            </route>
        </trainTimetable>
        <trainTimetable id="3">
            <departureDateTime>2016-12-12T18:54:53.914</departureDateTime>
            <hour>4</hour>
            <min>0</min>
            <route id="2">
                <arr id="3">
                    <name>АТКАРСК</name>
                </arr>
                <dep id="1">
                    <name>САРАТОВ-1</name>
                </dep>
            </route>
        </trainTimetable>
        <trainTimetable id="4">
            <departureDateTime>2016-12-13T18:54:53.914</departureDateTime>
            <hour>4</hour>
            <min>0</min>
            <route id="2">
                <arr id="3">
                    <name>АТКАРСК</name>
                </arr>
                <dep id="1">
                    <name>САРАТОВ-1</name>
                </dep>
            </route>
        </trainTimetable>
        <trainTimetable id="5">
            <departureDateTime>2016-12-14T18:54:53.914</departureDateTime>
            <hour>4</hour>
            <min>0</min>
            <route id="2">
                <arr id="3">
                    <name>АТКАРСК</name>
                </arr>
                <dep id="1">
                    <name>САРАТОВ-1</name>
                </dep>
            </route>
        </trainTimetable>
    </train>
    <train>
        <number>1002</number>
        <trainTimetable id="1">
            <departureDateTime>2016-12-10T18:54:53.914</departureDateTime>
            <hour>4</hour>
            <min>0</min>
            <route id="3">
                <arr id="4">
                    <name>БАЛАКОВО</name>
                </arr>
                <dep id="1">
                    <name>САРАТОВ-1</name>
                </dep>
            </route>
        </trainTimetable>
        <trainTimetable id="2">
            <departureDateTime>2016-12-11T18:54:53.914</departureDateTime>
            <hour>4</hour>
            <min>0</min>
            <route id="3">
                <arr id="4">
                    <name>БАЛАКОВО</name>
                </arr>
                <dep id="1">
                    <name>САРАТОВ-1</name>
                </dep>
            </route>
        </trainTimetable>
        <trainTimetable id="3">
            <departureDateTime>2016-12-12T18:54:53.914</departureDateTime>
            <hour>4</hour>
            <min>0</min>
            <route id="3">
                <arr id="4">
                    <name>БАЛАКОВО</name>
                </arr>
                <dep id="1">
                    <name>САРАТОВ-1</name>
                </dep>
            </route>
        </trainTimetable>
        <trainTimetable id="4">
            <departureDateTime>2016-12-13T18:54:53.914</departureDateTime>
            <hour>4</hour>
            <min>0</min>
            <route id="3">
                <arr id="4">
                    <name>БАЛАКОВО</name>
                </arr>
                <dep id="1">
                    <name>САРАТОВ-1</name>
                </dep>
            </route>
        </trainTimetable>
        <trainTimetable id="5">
            <departureDateTime>2016-12-14T18:54:53.914</departureDateTime>
            <hour>4</hour>
            <min>0</min>
            <route id="3">
                <arr id="4">
                    <name>БАЛАКОВО</name>
                </arr>
                <dep id="1">
                    <name>САРАТОВ-1</name>
                </dep>
            </route>
        </trainTimetable>
    </train>
    <train>
        <number>1003</number>
        <trainTimetable id="1">
            <departureDateTime>2016-12-10T18:54:53.914</departureDateTime>
            <hour>4</hour>
            <min>0</min>
            <route id="4">
                <arr id="5">
                    <name>БАЛАШОВ</name>
                </arr>
                <dep id="1">
                    <name>САРАТОВ-1</name>
                </dep>
            </route>
        </trainTimetable>
        <trainTimetable id="2">
            <departureDateTime>2016-12-11T18:54:53.914</departureDateTime>
            <hour>4</hour>
            <min>0</min>
            <route id="4">
                <arr id="5">
                    <name>БАЛАШОВ</name>
                </arr>
                <dep id="1">
                    <name>САРАТОВ-1</name>
                </dep>
            </route>
        </trainTimetable>
        <trainTimetable id="3">
            <departureDateTime>2016-12-12T18:54:53.914</departureDateTime>
            <hour>4</hour>
            <min>0</min>
            <route id="4">
                <arr id="5">
                    <name>БАЛАШОВ</name>
                </arr>
                <dep id="1">
                    <name>САРАТОВ-1</name>
                </dep>
            </route>
        </trainTimetable>
        <trainTimetable id="4">
            <departureDateTime>2016-12-13T18:54:53.914</departureDateTime>
            <hour>4</hour>
            <min>0</min>
            <route id="4">
                <arr id="5">
                    <name>БАЛАШОВ</name>
                </arr>
                <dep id="1">
                    <name>САРАТОВ-1</name>
                </dep>
            </route>
        </trainTimetable>
        <trainTimetable id="5">
            <departureDateTime>2016-12-14T18:54:53.914</departureDateTime>
            <hour>4</hour>
            <min>0</min>
            <route id="4">
                <arr id="5">
                    <name>БАЛАШОВ</name>
                </arr>
                <dep id="1">
                    <name>САРАТОВ-1</name>
                </dep>
            </route>
        </trainTimetable>
    </train>
    <train>
        <number>1004</number>
        <trainTimetable id="1">
            <departureDateTime>2016-12-10T18:54:53.914</departureDateTime>
            <hour>4</hour>
            <min>0</min>
            <route id="5">
                <arr id="6">
                    <name>СЕННАЯ</name>
                </arr>
                <dep id="1">
                    <name>САРАТОВ-1</name>
                </dep>
            </route>
        </trainTimetable>
        <trainTimetable id="2">
            <departureDateTime>2016-12-11T18:54:53.914</departureDateTime>
            <hour>4</hour>
            <min>15</min>
            <route id="5">
                <arr id="6">
                    <name>СЕННАЯ</name>
                </arr>
                <dep id="1">
                    <name>САРАТОВ-1</name>
                </dep>
            </route>
        </trainTimetable>
    </train>
    <train>
        <number>1005</number>
        <trainTimetable id="1">
            <departureDateTime>2016-12-12T18:54:53.914</departureDateTime>
            <hour>4</hour>
            <min>20</min>
            <route id="6">
                <arr id="7">
                    <name>ТАРАНЫ</name>
                </arr>
                <dep id="1">
                    <name>САРАТОВ-1</name>
                </dep>
            </route>
        </trainTimetable>
        <trainTimetable id="2">
            <departureDateTime>2016-12-13T18:54:53.914</departureDateTime>
            <hour>4</hour>
            <min>0</min>
            <route id="6">
                <arr id="7">
                    <name>ТАРАНЫ</name>
                </arr>
                <dep id="1">
                    <name>САРАТОВ-1</name>
                </dep>
            </route>
        </trainTimetable>
    </train>
    <train>
        <number>1006</number>
    </train>
    <train>
        <number>1206</number>
        <trainTimetable id="1">
            <departureDateTime>2016-12-14T18:54:53.914</departureDateTime>
            <hour>10</hour>
            <min>30</min>
            <route id="6">
                <arr id="7">
                    <name>ТАРАНЫ</name>
                </arr>
                <dep id="1">
                    <name>САРАТОВ-1</name>
                </dep>
            </route>
        </trainTimetable>
    </train>
</trains>
