<?xml version="1.0" encoding="UTF-8" standalone="yes"?>
<routes>
    <route id="1">
        <idDeparture>1</idDeparture>
        <idArrival>2</idArrival>
    </route>
    <route id="2">
        <idDeparture>1</idDeparture>
        <idArrival>3</idArrival>
    </route>
    <route id="3">
        <idDeparture>1</idDeparture>
        <idArrival>4</idArrival>
    </route>
    <route id="4">
        <idDeparture>1</idDeparture>
        <idArrival>5</idArrival>
    </route>
    <route id="5">
        <idDeparture>1</idDeparture>
        <idArrival>6</idArrival>
    </route>
    <route id="6">
        <idDeparture>1</idDeparture>
        <idArrival>7</idArrival>
    </route>
    <route id="7">
        <idDeparture>1</idDeparture>
        <idArrival>8</idArrival>
    </route>
</routes>
