<?xml version="1.0" encoding="UTF-8" standalone="yes"?>
<trains>
    <train>
        <number>1000</number>
        <trainTimetable id="1">
            <route id="1">
                <idDeparture>1</idDeparture>
                <idArrival>2</idArrival>
            </route>
            <departureDateTime>2016-12-11T10:28:05.321</departureDateTime>
            <hour>1</hour>
            <min>0</min>
        </trainTimetable>
        <trainTimetable id="2">
            <route id="1">
                <idDeparture>1</idDeparture>
                <idArrival>2</idArrival>
            </route>
            <departureDateTime>2016-12-12T10:28:05.321</departureDateTime>
            <hour>10</hour>
            <min>0</min>
        </trainTimetable>
        <trainTimetable id="3">
            <route id="1">
                <idDeparture>1</idDeparture>
                <idArrival>2</idArrival>
            </route>
            <departureDateTime>2016-12-13T10:28:05.375</departureDateTime>
            <hour>10</hour>
            <min>0</min>
        </trainTimetable>
        <trainTimetable id="4">
            <route id="1">
                <idDeparture>1</idDeparture>
                <idArrival>2</idArrival>
            </route>
            <departureDateTime>2016-12-14T10:28:05.375</departureDateTime>
            <hour>10</hour>
            <min>0</min>
        </trainTimetable>
        <trainTimetable id="5">
            <route id="1">
                <idDeparture>1</idDeparture>
                <idArrival>2</idArrival>
            </route>
            <departureDateTime>2016-12-15T10:28:05.375</departureDateTime>
            <hour>10</hour>
            <min>0</min>
        </trainTimetable>
    </train>
    <train>
        <number>1001</number>
        <trainTimetable id="1">
            <route id="2">
                <idDeparture>1</idDeparture>
                <idArrival>3</idArrival>
            </route>
            <departureDateTime>2016-12-11T10:28:05.375</departureDateTime>
            <hour>4</hour>
            <min>0</min>
        </trainTimetable>
        <trainTimetable id="2">
            <route id="2">
                <idDeparture>1</idDeparture>
                <idArrival>3</idArrival>
            </route>
            <departureDateTime>2016-12-12T10:28:05.375</departureDateTime>
            <hour>4</hour>
            <min>0</min>
        </trainTimetable>
        <trainTimetable id="3">
            <route id="2">
                <idDeparture>1</idDeparture>
                <idArrival>3</idArrival>
            </route>
            <departureDateTime>2016-12-13T10:28:05.375</departureDateTime>
            <hour>4</hour>
            <min>0</min>
        </trainTimetable>
        <trainTimetable id="4">
            <route id="2">
                <idDeparture>1</idDeparture>
                <idArrival>3</idArrival>
            </route>
            <departureDateTime>2016-12-14T10:28:05.375</departureDateTime>
            <hour>4</hour>
            <min>0</min>
        </trainTimetable>
        <trainTimetable id="5">
            <route id="2">
                <idDeparture>1</idDeparture>
                <idArrival>3</idArrival>
            </route>
            <departureDateTime>2016-12-15T10:28:05.375</departureDateTime>
            <hour>4</hour>
            <min>0</min>
        </trainTimetable>
    </train>
    <train>
        <number>1002</number>
        <trainTimetable id="1">
            <route id="3">
                <idDeparture>1</idDeparture>
                <idArrival>4</idArrival>
            </route>
            <departureDateTime>2016-12-11T10:28:05.375</departureDateTime>
            <hour>4</hour>
            <min>0</min>
        </trainTimetable>
        <trainTimetable id="2">
            <route id="3">
                <idDeparture>1</idDeparture>
                <idArrival>4</idArrival>
            </route>
            <departureDateTime>2016-12-12T10:28:05.375</departureDateTime>
            <hour>4</hour>
            <min>0</min>
        </trainTimetable>
        <trainTimetable id="3">
            <route id="3">
                <idDeparture>1</idDeparture>
                <idArrival>4</idArrival>
            </route>
            <departureDateTime>2016-12-13T10:28:05.375</departureDateTime>
            <hour>4</hour>
            <min>0</min>
        </trainTimetable>
        <trainTimetable id="4">
            <route id="3">
                <idDeparture>1</idDeparture>
                <idArrival>4</idArrival>
            </route>
            <departureDateTime>2016-12-14T10:28:05.375</departureDateTime>
            <hour>4</hour>
            <min>0</min>
        </trainTimetable>
        <trainTimetable id="5">
            <route id="3">
                <idDeparture>1</idDeparture>
                <idArrival>4</idArrival>
            </route>
            <departureDateTime>2016-12-15T10:28:05.375</departureDateTime>
            <hour>4</hour>
            <min>0</min>
        </trainTimetable>
    </train>
    <train>
        <number>1003</number>
        <trainTimetable id="1">
            <route id="4">
                <idDeparture>1</idDeparture>
                <idArrival>5</idArrival>
            </route>
            <departureDateTime>2016-12-11T10:28:05.375</departureDateTime>
            <hour>4</hour>
            <min>0</min>
        </trainTimetable>
        <trainTimetable id="2">
            <route id="4">
                <idDeparture>1</idDeparture>
                <idArrival>5</idArrival>
            </route>
            <departureDateTime>2016-12-12T10:28:05.375</departureDateTime>
            <hour>4</hour>
            <min>0</min>
        </trainTimetable>
        <trainTimetable id="3">
            <route id="4">
                <idDeparture>1</idDeparture>
                <idArrival>5</idArrival>
            </route>
            <departureDateTime>2016-12-13T10:28:05.375</departureDateTime>
            <hour>4</hour>
            <min>0</min>
        </trainTimetable>
        <trainTimetable id="4">
            <route id="4">
                <idDeparture>1</idDeparture>
                <idArrival>5</idArrival>
            </route>
            <departureDateTime>2016-12-14T10:28:05.375</departureDateTime>
            <hour>4</hour>
            <min>0</min>
        </trainTimetable>
        <trainTimetable id="5">
            <route id="4">
                <idDeparture>1</idDeparture>
                <idArrival>5</idArrival>
            </route>
            <departureDateTime>2016-12-15T10:28:05.375</departureDateTime>
            <hour>4</hour>
            <min>0</min>
        </trainTimetable>
    </train>
    <train>
        <number>1004</number>
        <trainTimetable id="1">
            <route id="5">
                <idDeparture>1</idDeparture>
                <idArrival>6</idArrival>
            </route>
            <departureDateTime>2016-12-11T10:28:05.375</departureDateTime>
            <hour>4</hour>
            <min>0</min>
        </trainTimetable>
        <trainTimetable id="2">
            <route id="5">
                <idDeparture>1</idDeparture>
                <idArrival>6</idArrival>
            </route>
            <departureDateTime>2016-12-12T10:28:05.375</departureDateTime>
            <hour>4</hour>
            <min>15</min>
        </trainTimetable>
    </train>
    <train>
        <number>1005</number>
        <trainTimetable id="1">
            <route id="6">
                <idDeparture>1</idDeparture>
                <idArrival>7</idArrival>
            </route>
            <departureDateTime>2016-12-13T10:28:05.375</departureDateTime>
            <hour>4</hour>
            <min>20</min>
        </trainTimetable>
        <trainTimetable id="2">
            <route id="6">
                <idDeparture>1</idDeparture>
                <idArrival>7</idArrival>
            </route>
            <departureDateTime>2016-12-14T10:28:05.375</departureDateTime>
            <hour>4</hour>
            <min>0</min>
        </trainTimetable>
    </train>
    <train>
        <number>1006</number>
    </train>
    <train>
        <number>1206</number>
        <trainTimetable id="1">
            <route id="6">
                <idDeparture>1</idDeparture>
                <idArrival>7</idArrival>
            </route>
            <departureDateTime>2016-12-15T10:28:05.375</departureDateTime>
            <hour>10</hour>
            <min>30</min>
        </trainTimetable>
    </train>
</trains>
